12V 7AH Battery PS-1270,Power Sonic,"[8,11,20,21]"
10 Amp Power Booster PSN-106B,Potter,"[8,11,12,13,14,26]"
Mini Monitor Module FMM-101,Notifier,"[8,11,16,17,18]"
Celing Strobe SCWLED,System Sensor,"[8,11,22,23,24,25,26]"
Horn/Strobe White/Ceiling PC2WLED,System Sensor,"[8,11,22,23,24,25,26]"
Monitor Module FMM-1,Notifier,"[11,16,18]"
Monitor Module FZM-1,Notifier,"[11,17,18]"
Monitor Module FDM-1,Notifier,"[11,18]"
PSN Series Power Supplies PSN-64,"Potter Electric Signal Company, LLC","[12,13]"
PSN Series Power Supplies PSN-106,"Potter Electric Signal Company, LLC","[12,13,14]"
Monitor Module FMM-101(A),Notifier,"[16,17,18]"
Monitor Module FZM-1(A),Notifier,"[17,18]"
Monitor Module FDM-1(A),Notifier,[18]
Surface-Mount Backbox SMB500,Notifier,[18]
Rechargeable Sealed Lead Acid Battery PS-1270 F1,Power-Sonic Corporation,"[20,21]"
"L-Series Horns, Strobes, and Horn Strobes S5512, S4011, 3057072",System Sensor,"[22,23,24,25]"
"Compact Strobe, Horn Strobe, Compact Horn, Surface Mount Back Box for Walls A0549-00, A0613-00, A0554-01, A0617-00, A0557-00, A0547-00, A0608-00, A0546-00",System Sensor,"[24,25]"
"Strobes and Horn Strobes for Ceilings and Surface Mount Back Box for Ceilings SBBCRL, SBCWL",System Sensor,"[24,25]"
