"EF (230000-02), Air Distribution (230000-03), Split System (230000-01)",R & D Heating & Sheet Metal Co,[1]
High Wall Heat Pump Ductless System 45MAHAQ18XA3,Carrier Corporation,[2]
Outdoor Unit Heat Pump Ductless System 37MAHAQ18AA3,Carrier Corporation,[3]
Roof & Wall Exhaust DX-1,PennBarry,[5]
DX08D,UNKNOWN,[6]
Roof Curb DX08D,"Decker Steel & Supply, Inc.",[8]
"PLQ-1 Architectural Square Type Steel Removable Plaque Face, Square Plaque",Krueger,"[10,11]"
EGC5 - AL Eggcrate Grid with Aluminum Frame and Aluminum Core,Krueger,"[10,12,14]"
5HCF23 Hard Ceiling Frame,Krueger,"[10,16]"
F23 - LAY-IN T-BAR series,Krueger,[13]
Frame F22 - SURFACE MNT,Krueger,[15]
